{
    "id": 7,
    "mode": "complex",
    "color": "Red",
    "height": 2.357566681305503,
    "location": [
        0.0,
        0.0
    ],
    "xy_info": [
        [
            -5.347355365753174,
            5.392024517059326
        ],
        [
            -6.418342113494873,
            6.395547866821289
        ],
        [
            -7.432806491851807,
            6.504211902618408
        ],
        [
            -7.758978366851807,
            4.743762016296387
        ],
        [
            -6.19091796875,
            3.858015298843384
        ]
    ],
    "xz_info": [
        [
            -5.347355365753174,
            0.0
        ],
        [
            -6.418342113494873,
            0.0
        ],
        [
            -7.432806491851807,
            0.0
        ],
        [
            -7.758978366851807,
            0.0
        ],
        [
            -6.19091796875,
            0.0
        ],
        [
            -5.347355365753174,
            2.8470897674560547
        ],
        [
            -6.418342113494873,
            2.9451332092285156
        ],
        [
            -7.432806491851807,
            3.0380022525787354
        ],
        [
            -7.758978366851807,
            3.067861557006836
        ],
        [
            -6.19091796875,
            2.92431378364563
        ]
    ]
}